<?xml version="1.0" encoding="utf-8"?>
<StructureDefinition xmlns="http://hl7.org/fhir">
  <url value="http://fhir.de/StructureDefinition/CodingSnomed" />
  <name value="CodingSnomed" />
  <status value="draft" />
  <fhirVersion value="4.0.0" />
  <mapping>
    <identity value="v2" />
    <uri value="http://hl7.org/v2" />
    <name value="HL7 v2 Mapping" />
  </mapping>
  <mapping>
    <identity value="rim" />
    <uri value="http://hl7.org/v3" />
    <name value="RIM Mapping" />
  </mapping>
  <mapping>
    <identity value="orim" />
    <uri value="http://hl7.org/orim" />
    <name value="Ontological RIM Mapping" />
  </mapping>
  <kind value="complex-type" />
  <abstract value="false" />
  <type value="Coding" />
  <baseDefinition value="http://hl7.org/fhir/StructureDefinition/Coding" />
  <derivation value="constraint" />
  <differential>
    <element id="Coding.system">
      <extension url="http://hl7.org/fhir/StructureDefinition/structuredefinition-standards-status">
        <valueCode value="normative" />
      </extension>
      <extension url="http://hl7.org/fhir/StructureDefinition/structuredefinition-normative-version">
        <valueCode value="4.0.0" />
      </extension>
      <path value="Coding.system" />
      <min value="1" />
      <fixedUri value="http://snomed.info/sct" />
    </element>
    <element id="Coding.code">
      <extension url="http://hl7.org/fhir/StructureDefinition/structuredefinition-standards-status">
        <valueCode value="normative" />
      </extension>
      <extension url="http://hl7.org/fhir/StructureDefinition/structuredefinition-normative-version">
        <valueCode value="4.0.0" />
      </extension>
      <path value="Coding.code" />
      <min value="1" />
    </element>
  </differential>
</StructureDefinition>