<ImplementationGuide xmlns="http://hl7.org/fhir"><url value="https://simplifier.net/guide/infektionsschutzmeldung" /><name value="Infektionsschutzmeldung" /><status value="draft" /><fhirVersion value="4.0.0" /><definition><page><nameUrl value="Home.md" /><title value="Home" /><generation value="markdown" /><page><nameUrl value="HintergrundundGrundlagen.md" /><title value="Hintergrund und Grundlagen" /><generation value="markdown" /></page><page><nameUrl value="Ressourcen.md" /><title value="Ressourcen" /><generation value="markdown" /><page><nameUrl value="InfektionsmeldungBundle.md" /><title value="Infektionsmeldung (Bundle)" /><generation value="markdown" /></page><page><nameUrl value="InfektionsmeldungComposition.md" /><title value="Infektionsmeldung (Composition)" /><generation value="markdown" /></page><page><nameUrl value="PatientimZugederInfektionsmeldungPatient.md" /><title value="Patient im Zuge der Infektionsmeldung (Patient)" /><generation value="markdown" /></page><page><nameUrl value="VerbindungvonArztzurOrganisationPractitionerRole.md" /><title value="Verbindung von Arzt zur Organisation (PractitionerRole)" /><generation value="markdown" /></page><page><nameUrl value="MeldenderArztmeldenderztinPractitioner.md" /><title value="Meldender Arzt / meldende Ärztin (Practitioner)" /><generation value="markdown" /></page><page><nameUrl value="EinrichtungdesGesundheitswesensOrganization.md" /><title value="Einrichtung des Gesundheitswesens (Organization)" /><generation value="markdown" /></page><page><nameUrl value="MeldepflichtigeKrankheitgemIfSGCondition.md" /><title value="Meldepflichtige Krankheit gemäß IfSG (Condition)" /><generation value="markdown" /></page><page><nameUrl value="SymptomeCovid19Observation.md" /><title value="Symptome Covid19 (Observation)" /><generation value="markdown" /></page><page><nameUrl value="KrankheitserregerObservation.md" /><title value="Krankheitserreger (Observation)" /><generation value="markdown" /></page><page><nameUrl value="AngabenzumLaborAlternativen.md" /><title value="Angaben zum Labor (Alternativen)" /><generation value="markdown" /></page><page><nameUrl value="ObservationExpositionsrisikoObservation.md" /><title value="ObservationExpositionsrisiko (Observation)" /><generation value="markdown" /></page><page><nameUrl value="ImpfstatusObservation.md" /><title value="Impfstatus (Observation)" /><generation value="markdown" /></page><page><nameUrl value="CodingSnomedCoding.md" /><title value="CodingSnomed (Coding)" /><generation value="markdown" /></page></page><page><nameUrl value="Terminologie.md" /><title value="Terminologie" /><generation value="markdown" /><page><nameUrl value="Covid19ConditionCodes.md" /><title value="Covid19ConditionCodes" /><generation value="markdown" /></page><page><nameUrl value="Covid19Symptomatik.md" /><title value="Covid19Symptomatik" /><generation value="markdown" /></page><page><nameUrl value="Covid19SymptomatikSCT.md" /><title value="Covid19SymptomatikSCT" /><generation value="markdown" /></page><page><nameUrl value="IfSgSpecimenTypes.md" /><title value="IfSgSpecimenTypes" /><generation value="markdown" /></page><page><nameUrl value="InfektionExpositionSCT.md" /><title value="InfektionExpositionSCT" /><generation value="markdown" /></page><page><nameUrl value="Infektionsmeldeart.md" /><title value="Infektionsmeldeart" /><generation value="markdown" /></page><page><nameUrl value="RequestStatus.md" /><title value="RequestStatus" /><generation value="markdown" /></page></page><page><nameUrl value="Questionnaire.md" /><title value="Questionnaire" /><generation value="markdown" /></page><page><nameUrl value="TransformationQuestionnaire-Bundle.md" /><title value="Transformation Questionnaire - Bundle" /><generation value="markdown" /></page><page><nameUrl value="Beispiele.md" /><title value="Beispiele" /><generation value="markdown" /></page><page><nameUrl value="Links.md" /><title value="Links" /><generation value="markdown" /></page></page></definition></ImplementationGuide>