{
  "resourceType" : "ValueSet",
  "id" : "request-status",
  "url" : "http://fhir.de/StructureDefinition/ValueSet/LaboranforderungStatus",
  "version" : "4.0.0",
  "name" : "RequestStatus",
  "title" : "RequestStatus",
  "status" : "draft",
  "experimental" : false,
  "date" : "2020-08-04T19:04:00Z",
  "description" : "Codes für den Status der Laboranforderung im Kontext der Arztmeldung.",
  "immutable" : true,
  "compose" : {
    "include" : [{
      "system" : "http://hl7.org/fhir/request-status",
      "concept" : [
          {
            "code" : "active",
            "display": "Active"
          },
          {
            "code" : "completed",
            "display": "Completed"
          },
          {
            "code" : "unknown",
            "display": "Unknown"
          }
      ]
    }]
  }
}