<?xml version="1.0" encoding="utf-8"?>
<StructureDefinition xmlns="http://hl7.org/fhir">
  <url value="http://fhir.de/StructureDefinition/servicerequest-laborauftrag" />
  <name value="Laborauftrag" />
  <status value="draft" />
  <fhirVersion value="4.0.0" />
  <mapping>
    <identity value="workflow" />
    <uri value="http://hl7.org/fhir/workflow" />
    <name value="Workflow Pattern" />
  </mapping>
  <mapping>
    <identity value="v2" />
    <uri value="http://hl7.org/v2" />
    <name value="HL7 v2 Mapping" />
  </mapping>
  <mapping>
    <identity value="rim" />
    <uri value="http://hl7.org/v3" />
    <name value="RIM Mapping" />
  </mapping>
  <mapping>
    <identity value="w5" />
    <uri value="http://hl7.org/fhir/fivews" />
    <name value="FiveWs Pattern Mapping" />
  </mapping>
  <mapping>
    <identity value="quick" />
    <uri value="http://siframework.org/cqf" />
    <name value="Quality Improvement and Clinical Knowledge (QUICK)" />
  </mapping>
  <kind value="resource" />
  <abstract value="false" />
  <type value="ServiceRequest" />
  <baseDefinition value="http://hl7.org/fhir/StructureDefinition/ServiceRequest" />
  <derivation value="constraint" />
  <differential>
    <element id="ServiceRequest.status">
      <extension url="http://hl7.org/fhir/StructureDefinition/structuredefinition-standards-status">
        <valueCode value="normative" />
      </extension>
      <extension url="http://hl7.org/fhir/StructureDefinition/structuredefinition-normative-version">
        <valueCode value="4.0.0" />
      </extension>
      <path value="ServiceRequest.status" />
      <binding>
        <extension url="http://hl7.org/fhir/StructureDefinition/elementdefinition-bindingName">
          <valueString value="ServiceRequestStatus" />
        </extension>
        <strength value="required" />
        <valueSet value="http://fhir.de/StructureDefinition/ValueSet/LaboranforderungStatus" />
      </binding>
    </element>
    <element id="ServiceRequest.intent">
      <extension url="http://hl7.org/fhir/StructureDefinition/structuredefinition-standards-status">
        <valueCode value="normative" />
      </extension>
      <extension url="http://hl7.org/fhir/StructureDefinition/structuredefinition-normative-version">
        <valueCode value="4.0.0" />
      </extension>
      <path value="ServiceRequest.intent" />
      <fixedCode value="order" />
    </element>
    <element id="ServiceRequest.subject">
      <extension url="http://hl7.org/fhir/StructureDefinition/structuredefinition-standards-status">
        <valueCode value="normative" />
      </extension>
      <extension url="http://hl7.org/fhir/StructureDefinition/structuredefinition-normative-version">
        <valueCode value="4.0.0" />
      </extension>
      <path value="ServiceRequest.subject" />
      <type>
        <code value="Reference" />
        <targetProfile value="http://fhir.de/StructureDefinition/Profile-patient-infektionsmeldung" />
      </type>
    </element>
    <element id="ServiceRequest.authoredOn">
      <extension url="http://hl7.org/fhir/StructureDefinition/structuredefinition-standards-status">
        <valueCode value="normative" />
      </extension>
      <extension url="http://hl7.org/fhir/StructureDefinition/structuredefinition-normative-version">
        <valueCode value="4.0.0" />
      </extension>
      <path value="ServiceRequest.authoredOn" />
      <min value="1" />
    </element>
    <element id="ServiceRequest.requester">
      <extension url="http://hl7.org/fhir/StructureDefinition/structuredefinition-standards-status">
        <valueCode value="normative" />
      </extension>
      <extension url="http://hl7.org/fhir/StructureDefinition/structuredefinition-normative-version">
        <valueCode value="4.0.0" />
      </extension>
      <path value="ServiceRequest.requester" />
      <min value="1" />
      <type>
        <code value="Reference" />
        <targetProfile value="http://fhir.de/StructureDefinition/Profile-practitioner-meldendePerson" />
        <targetProfile value="http://fhir.de/StructureDefinition/Profile-organization-PraxisKHAmt" />
      </type>
    </element>
    <element id="ServiceRequest.performer">
      <extension url="http://hl7.org/fhir/StructureDefinition/structuredefinition-standards-status">
        <valueCode value="normative" />
      </extension>
      <extension url="http://hl7.org/fhir/StructureDefinition/structuredefinition-normative-version">
        <valueCode value="4.0.0" />
      </extension>
      <path value="ServiceRequest.performer" />
      <min value="1" />
      <max value="1" />
      <type>
        <code value="Reference" />
        <targetProfile value="http://fhir.de/StructureDefinition/Profile-organization-PraxisKHAmt" />
      </type>
    </element>
    <element id="ServiceRequest.reasonCode">
      <extension url="http://hl7.org/fhir/StructureDefinition/structuredefinition-standards-status">
        <valueCode value="normative" />
      </extension>
      <extension url="http://hl7.org/fhir/StructureDefinition/structuredefinition-normative-version">
        <valueCode value="4.0.0" />
      </extension>
      <path value="ServiceRequest.reasonCode" />
      <max value="0" />
    </element>
    <element id="ServiceRequest.reasonReference">
      <extension url="http://hl7.org/fhir/StructureDefinition/structuredefinition-standards-status">
        <valueCode value="normative" />
      </extension>
      <extension url="http://hl7.org/fhir/StructureDefinition/structuredefinition-normative-version">
        <valueCode value="4.0.0" />
      </extension>
      <path value="ServiceRequest.reasonReference" />
      <min value="1" />
      <type>
        <code value="Reference" />
        <targetProfile value="http://fhir.de/StructureDefinition/condition-meldepflichtige-krankheit" />
      </type>
    </element>
    <element id="ServiceRequest.specimen">
      <extension url="http://hl7.org/fhir/StructureDefinition/structuredefinition-standards-status">
        <valueCode value="normative" />
      </extension>
      <extension url="http://hl7.org/fhir/StructureDefinition/structuredefinition-normative-version">
        <valueCode value="4.0.0" />
      </extension>
      <path value="ServiceRequest.specimen" />
      <type>
        <code value="Reference" />
        <targetProfile value="http://fhir.de/StructureDefinition/specimen-probeAbstrich" />
        <aggregation value="contained" />
      </type>
    </element>
  </differential>
</StructureDefinition>