{
	"resourceType": "Observation",
	"id": "expoRisk",
	"meta": {
		"profile": [
			"http://fhir.de/StructureDefinition/observation-expositionsrisiko"
		]
	},
	"text": {
		"status": "generated",
		"div": "<div xmlns=\"http://www.w3.org/1999/xhtml\"><p>... Expositionsrisiko ..</p></div>"
	},
	"status": "final",
	"category": {
		"coding": [
			{
				"system": "http://snomed.info/sct",
				"code": "xxxx",
				"display": "xxxx"
			},
			{
				"system": "http://terminology.hl7.org/CodeSystem/observation-category",
				"code": "social-history"
			}
		]
	},
	"code": {
		"coding": [
			{
				"system": "http://loinc.org",
				"code": "8691-8"
			}
		]
	},
	"subject": {
		"reference": "Patient/pat",
		"display": "Gabriele Mustermann"
	},
	"effectivePeriod": {
		"start": "2020-03-01",
		"end": "2020-03-10"
	},
	"valueCodeableConcept": {
		"coding": [
			{
				"system": "http://snomed.info/sct",
				"code": "30629002",
				"display": "Retirement home (environment)"
			}
		]
	},
	"component": [
		{
			"code" : {
				"coding": [
					{
						"system" : "http://loinc.org",
						"code": "ToDo-active"
					}
				]
			},
			"valueBoolean" : false 
		},
		{
			"code" : {
				"coding": [
					{
						"system" : "http://loinc.org",
						"code": "ToDo-haeufung"
					}
				]
			},
			"valueBoolean" : false 
		},
		{
			"code" : {
				"coding": [
					{
						"system" : "http://loinc.org",
						"code": "ToDo-name"
					}
				]
			},
			"valueString" : "Pflegeheim ABC"
		},
		{
			"code" : {
				"coding": [
					{
						"system" : "http://loinc.org",
						"code": "ToDo-name"
					}
				]
			},
			"valueString" : "Pflegeheim ABC"
		},
		{
			"code" : {
				"coding": [
					{
						"system" : "http://loinc.org",
						"code": "ToDo-ort"
					}
				]
			},
			"valueString" : "Musterhausen"
		}
	]
}
