<?xml version="1.0" encoding="utf-8"?>
<StructureDefinition xmlns="http://hl7.org/fhir">
  <url value="http://fhir.de/StructureDefinition/ObservationCovid19Symptom" />
  <version value="0.9" />
  <name value="ObservationCovid19Symptom" />
  <title value="Symptome Covid19" />
  <status value="draft" />
  <date value="2020-03-30" />
  <publisher value="HL7 Deutschland e.V. (Technisches Komitee FHIR)" />
  <description value="Profil einer Observation für Symptome von Covid19" />
  <copyright value="HL7 Deutschland e.V." />
  <fhirVersion value="4.0.0" />
  <mapping>
    <identity value="workflow" />
    <uri value="http://hl7.org/fhir/workflow" />
    <name value="Workflow Pattern" />
  </mapping>
  <mapping>
    <identity value="sct-concept" />
    <uri value="http://snomed.info/conceptdomain" />
    <name value="SNOMED CT Concept Domain Binding" />
  </mapping>
  <mapping>
    <identity value="v2" />
    <uri value="http://hl7.org/v2" />
    <name value="HL7 v2 Mapping" />
  </mapping>
  <mapping>
    <identity value="rim" />
    <uri value="http://hl7.org/v3" />
    <name value="RIM Mapping" />
  </mapping>
  <mapping>
    <identity value="w5" />
    <uri value="http://hl7.org/fhir/fivews" />
    <name value="FiveWs Pattern Mapping" />
  </mapping>
  <mapping>
    <identity value="sct-attr" />
    <uri value="http://snomed.org/attributebinding" />
    <name value="SNOMED CT Attribute Binding" />
  </mapping>
  <kind value="resource" />
  <abstract value="false" />
  <type value="Observation" />
  <baseDefinition value="http://hl7.org/fhir/StructureDefinition/Observation" />
  <derivation value="constraint" />
  <differential>
    <element id="Observation.code">
      <extension url="http://hl7.org/fhir/StructureDefinition/structuredefinition-standards-status">
        <valueCode value="normative" />
      </extension>
      <extension url="http://hl7.org/fhir/StructureDefinition/structuredefinition-normative-version">
        <valueCode value="4.0.0" />
      </extension>
      <path value="Observation.code" />
      <mustSupport value="true" />
      <binding>
        <extension url="http://hl7.org/fhir/StructureDefinition/elementdefinition-bindingName">
          <valueString value="ObservationCode" />
        </extension>
        <strength value="preferred" />
        <valueSet value="http://fhir.de/ValueSet/Covid19Symptomatik" />
      </binding>
    </element>
    <element id="Observation.subject">
      <extension url="http://hl7.org/fhir/StructureDefinition/structuredefinition-standards-status">
        <valueCode value="normative" />
      </extension>
      <extension url="http://hl7.org/fhir/StructureDefinition/structuredefinition-normative-version">
        <valueCode value="4.0.0" />
      </extension>
      <path value="Observation.subject" />
      <min value="1" />
      <type>
        <code value="Reference" />
        <targetProfile value="http://hl7.org/fhir/StructureDefinition/Patient" />
        <targetProfile value="http://hl7.org/fhir/StructureDefinition/Group" />
        <targetProfile value="http://hl7.org/fhir/StructureDefinition/Device" />
        <targetProfile value="http://hl7.org/fhir/StructureDefinition/Location" />
        <targetProfile value="http://fhir.de/StructureDefinition/Profile-patient-infektionsmeldung" />
      </type>
      <mustSupport value="true" />
    </element>
    <element id="Observation.focus">
      <extension url="http://hl7.org/fhir/StructureDefinition/structuredefinition-standards-status">
        <valueCode value="trial-use" />
      </extension>
      <extension url="http://hl7.org/fhir/StructureDefinition/structuredefinition-normative-version">
        <valueCode value="4.0.0" />
      </extension>
      <path value="Observation.focus" />
      <type>
        <code value="Reference" />
        <targetProfile value="http://hl7.org/fhir/StructureDefinition/Resource" />
        <targetProfile value="http://fhir.de/StructureDefinition/condition-meldepflichtige-krankheit" />
      </type>
      <mustSupport value="true" />
    </element>
    <element id="Observation.value[x]">
      <extension url="http://hl7.org/fhir/StructureDefinition/structuredefinition-standards-status">
        <valueCode value="normative" />
      </extension>
      <extension url="http://hl7.org/fhir/StructureDefinition/structuredefinition-normative-version">
        <valueCode value="4.0.0" />
      </extension>
      <path value="Observation.value[x]" />
      <min value="1" />
      <type>
        <code value="CodeableConcept" />
      </type>
      <mustSupport value="true" />
    </element>
    <element id="Observation.value[x].coding">
      <extension url="http://hl7.org/fhir/StructureDefinition/structuredefinition-standards-status">
        <valueCode value="normative" />
      </extension>
      <extension url="http://hl7.org/fhir/StructureDefinition/structuredefinition-normative-version">
        <valueCode value="4.0.0" />
      </extension>
      <path value="Observation.value[x].coding" />
      <min value="1" />
      <max value="1" />
      <binding>
        <strength value="required" />
        <description value="Presence of symptom" />
        <valueSet value="http://loinc.org/vs/LL1937-3" />
      </binding>
    </element>
    <element id="Observation.value[x].coding.system">
      <extension url="http://hl7.org/fhir/StructureDefinition/structuredefinition-standards-status">
        <valueCode value="normative" />
      </extension>
      <extension url="http://hl7.org/fhir/StructureDefinition/structuredefinition-normative-version">
        <valueCode value="4.0.0" />
      </extension>
      <path value="Observation.value[x].coding.system" />
      <min value="1" />
    </element>
    <element id="Observation.value[x].coding.code">
      <extension url="http://hl7.org/fhir/StructureDefinition/structuredefinition-standards-status">
        <valueCode value="normative" />
      </extension>
      <extension url="http://hl7.org/fhir/StructureDefinition/structuredefinition-normative-version">
        <valueCode value="4.0.0" />
      </extension>
      <path value="Observation.value[x].coding.code" />
      <min value="1" />
    </element>
  </differential>
</StructureDefinition>