<?xml version="1.0" encoding="utf-8"?>
<StructureDefinition xmlns="http://hl7.org/fhir">
  <url value="http://fhir.de/StructureDefinition/observation-erreger" />
  <version value="0.9" />
  <name value="ObservationKrankheitserreger" />
  <title value="Krankheitserreger" />
  <status value="draft" />
  <date value="2020-03-26" />
  <publisher value="HL7 Deutschland e.V. (Technisches Komitee FHIR)" />
  <description value="Krankheitserreger wie Bakterien, Viren oder Pilze" />
  <copyright value="HL7 Deutschland e.V." />
  <fhirVersion value="4.0.0" />
  <mapping>
    <identity value="workflow" />
    <uri value="http://hl7.org/fhir/workflow" />
    <name value="Workflow Pattern" />
  </mapping>
  <mapping>
    <identity value="sct-concept" />
    <uri value="http://snomed.info/conceptdomain" />
    <name value="SNOMED CT Concept Domain Binding" />
  </mapping>
  <mapping>
    <identity value="v2" />
    <uri value="http://hl7.org/v2" />
    <name value="HL7 v2 Mapping" />
  </mapping>
  <mapping>
    <identity value="rim" />
    <uri value="http://hl7.org/v3" />
    <name value="RIM Mapping" />
  </mapping>
  <mapping>
    <identity value="w5" />
    <uri value="http://hl7.org/fhir/fivews" />
    <name value="FiveWs Pattern Mapping" />
  </mapping>
  <mapping>
    <identity value="sct-attr" />
    <uri value="http://snomed.org/attributebinding" />
    <name value="SNOMED CT Attribute Binding" />
  </mapping>
  <mapping>
    <identity value="cda-template" />
    <uri value="https://art-decor.org/art-decor/decor-templates--ifsgm-?section=templates&amp;id=1.2.276.0.76.10.4013" />
    <name value="CDA Template Mapping" />
  </mapping>
  <kind value="resource" />
  <abstract value="false" />
  <type value="Observation" />
  <baseDefinition value="http://hl7.org/fhir/StructureDefinition/Observation" />
  <derivation value="constraint" />
  <differential>
    <element id="Observation">
      <path value="Observation" />
      <mustSupport value="true" />
    </element>
    <element id="Observation.basedOn">
      <extension url="http://hl7.org/fhir/StructureDefinition/structuredefinition-standards-status">
        <valueCode value="normative" />
      </extension>
      <extension url="http://hl7.org/fhir/StructureDefinition/structuredefinition-normative-version">
        <valueCode value="4.0.0" />
      </extension>
      <path value="Observation.basedOn" />
      <type>
        <code value="Reference" />
        <targetProfile value="http://fhir.de/StructureDefinition/servicerequest-laborauftrag" />
      </type>
      <mustSupport value="true" />
    </element>
    <element id="Observation.category">
      <extension url="http://hl7.org/fhir/StructureDefinition/structuredefinition-standards-status">
        <valueCode value="normative" />
      </extension>
      <extension url="http://hl7.org/fhir/StructureDefinition/structuredefinition-normative-version">
        <valueCode value="4.0.0" />
      </extension>
      <path value="Observation.category" />
      <min value="1" />
      <max value="1" />
    </element>
    <element id="Observation.category.coding">
      <extension url="http://hl7.org/fhir/StructureDefinition/structuredefinition-standards-status">
        <valueCode value="normative" />
      </extension>
      <extension url="http://hl7.org/fhir/StructureDefinition/structuredefinition-normative-version">
        <valueCode value="4.0.0" />
      </extension>
      <path value="Observation.category.coding" />
      <min value="1" />
      <max value="1" />
    </element>
    <element id="Observation.category.coding.system">
      <extension url="http://hl7.org/fhir/StructureDefinition/structuredefinition-standards-status">
        <valueCode value="normative" />
      </extension>
      <extension url="http://hl7.org/fhir/StructureDefinition/structuredefinition-normative-version">
        <valueCode value="4.0.0" />
      </extension>
      <path value="Observation.category.coding.system" />
      <min value="1" />
      <fixedUri value="http://terminology.hl7.org/CodeSystem/observation-category" />
    </element>
    <element id="Observation.category.coding.code">
      <extension url="http://hl7.org/fhir/StructureDefinition/structuredefinition-standards-status">
        <valueCode value="normative" />
      </extension>
      <extension url="http://hl7.org/fhir/StructureDefinition/structuredefinition-normative-version">
        <valueCode value="4.0.0" />
      </extension>
      <path value="Observation.category.coding.code" />
      <min value="1" />
      <fixedCode value="laboratory" />
    </element>
    <element id="Observation.code">
      <extension url="http://hl7.org/fhir/StructureDefinition/structuredefinition-standards-status">
        <valueCode value="normative" />
      </extension>
      <extension url="http://hl7.org/fhir/StructureDefinition/structuredefinition-normative-version">
        <valueCode value="4.0.0" />
      </extension>
      <path value="Observation.code" />
      <mustSupport value="true" />
    </element>
    <element id="Observation.code.coding.system">
      <extension url="http://hl7.org/fhir/StructureDefinition/structuredefinition-standards-status">
        <valueCode value="normative" />
      </extension>
      <extension url="http://hl7.org/fhir/StructureDefinition/structuredefinition-normative-version">
        <valueCode value="4.0.0" />
      </extension>
      <path value="Observation.code.coding.system" />
      <min value="1" />
    </element>
    <element id="Observation.code.coding.code">
      <extension url="http://hl7.org/fhir/StructureDefinition/structuredefinition-standards-status">
        <valueCode value="normative" />
      </extension>
      <extension url="http://hl7.org/fhir/StructureDefinition/structuredefinition-normative-version">
        <valueCode value="4.0.0" />
      </extension>
      <path value="Observation.code.coding.code" />
      <min value="1" />
    </element>
    <element id="Observation.subject">
      <extension url="http://hl7.org/fhir/StructureDefinition/structuredefinition-standards-status">
        <valueCode value="normative" />
      </extension>
      <extension url="http://hl7.org/fhir/StructureDefinition/structuredefinition-normative-version">
        <valueCode value="4.0.0" />
      </extension>
      <path value="Observation.subject" />
      <min value="1" />
      <type>
        <code value="Reference" />
        <profile value="http://fhir.de/StructureDefinition/Profile-patient-infektionsmeldung" />
      </type>
      <mustSupport value="true" />
    </element>
    <element id="Observation.subject.identifier">
      <extension url="http://hl7.org/fhir/StructureDefinition/structuredefinition-standards-status">
        <valueCode value="normative" />
      </extension>
      <extension url="http://hl7.org/fhir/StructureDefinition/structuredefinition-normative-version">
        <valueCode value="4.0.0" />
      </extension>
      <path value="Observation.subject.identifier" />
      <slicing>
        <discriminator>
          <type value="value" />
          <path value="type.coding.system" />
        </discriminator>
        <rules value="open" />
      </slicing>
    </element>
    <element id="Observation.subject.address">
      <extension url="http://hl7.org/fhir/StructureDefinition/structuredefinition-standards-status">
        <valueCode value="normative" />
      </extension>
      <extension url="http://hl7.org/fhir/StructureDefinition/structuredefinition-normative-version">
        <valueCode value="4.0.0" />
      </extension>
      <path value="Observation.subject.address" />
      <slicing>
        <discriminator>
          <type value="value" />
          <path value="use" />
        </discriminator>
        <rules value="open" />
      </slicing>
      <min value="1" />
    </element>
    <element id="Observation.value[x]">
      <extension url="http://hl7.org/fhir/StructureDefinition/structuredefinition-standards-status">
        <valueCode value="normative" />
      </extension>
      <extension url="http://hl7.org/fhir/StructureDefinition/structuredefinition-normative-version">
        <valueCode value="4.0.0" />
      </extension>
      <path value="Observation.value[x]" />
      <type>
        <code value="CodeableConcept" />
      </type>
      <mustSupport value="true" />
    </element>
    <element id="Observation.value[x].coding">
      <extension url="http://hl7.org/fhir/StructureDefinition/structuredefinition-standards-status">
        <valueCode value="normative" />
      </extension>
      <extension url="http://hl7.org/fhir/StructureDefinition/structuredefinition-normative-version">
        <valueCode value="4.0.0" />
      </extension>
      <path value="Observation.value[x].coding" />
      <type>
        <code value="Coding" />
        <profile value="http://fhir.de/StructureDefinition/CodingSnomed" />
      </type>
      <binding>
        <strength value="preferred" />
        <valueSet value="http://hl7.org/fhir/uv/ips/ValueSet/organism-uv-ips" />
      </binding>
    </element>
    <element id="Observation.value[x].coding.code">
      <extension url="http://hl7.org/fhir/StructureDefinition/structuredefinition-standards-status">
        <valueCode value="normative" />
      </extension>
      <extension url="http://hl7.org/fhir/StructureDefinition/structuredefinition-normative-version">
        <valueCode value="4.0.0" />
      </extension>
      <path value="Observation.value[x].coding.code" />
      <fixedCode value="840533007" />
    </element>
    <element id="Observation.value[x].coding.display">
      <extension url="http://hl7.org/fhir/StructureDefinition/structuredefinition-standards-status">
        <valueCode value="normative" />
      </extension>
      <extension url="http://hl7.org/fhir/StructureDefinition/structuredefinition-normative-version">
        <valueCode value="4.0.0" />
      </extension>
      <extension url="http://hl7.org/fhir/StructureDefinition/elementdefinition-translatable">
        <valueBoolean value="true" />
      </extension>
      <path value="Observation.value[x].coding.display" />
      <fixedString value="SARS-CoV-2" />
    </element>
    <element id="Observation.bodySite">
      <extension url="http://hl7.org/fhir/StructureDefinition/structuredefinition-standards-status">
        <valueCode value="normative" />
      </extension>
      <extension url="http://hl7.org/fhir/StructureDefinition/structuredefinition-normative-version">
        <valueCode value="4.0.0" />
      </extension>
      <path value="Observation.bodySite" />
      <max value="0" />
    </element>
    <element id="Observation.method">
      <extension url="http://hl7.org/fhir/StructureDefinition/structuredefinition-standards-status">
        <valueCode value="normative" />
      </extension>
      <extension url="http://hl7.org/fhir/StructureDefinition/structuredefinition-normative-version">
        <valueCode value="4.0.0" />
      </extension>
      <path value="Observation.method" />
      <mustSupport value="true" />
      <binding>
        <extension url="http://hl7.org/fhir/StructureDefinition/elementdefinition-bindingName">
          <valueString value="ObservationMethod" />
        </extension>
        <strength value="example" />
        <valueSet value="http://fhir.de/ValueSet/Labormethoden-sct" />
      </binding>
    </element>
    <element id="Observation.specimen">
      <extension url="http://hl7.org/fhir/StructureDefinition/structuredefinition-standards-status">
        <valueCode value="normative" />
      </extension>
      <extension url="http://hl7.org/fhir/StructureDefinition/structuredefinition-normative-version">
        <valueCode value="4.0.0" />
      </extension>
      <path value="Observation.specimen" />
      <type>
        <code value="Reference" />
        <targetProfile value="http://fhir.de/StructureDefinition/specimen-probeAbstrich" />
      </type>
      <mustSupport value="true" />
    </element>
  </differential>
</StructureDefinition>