<?xml version="1.0" encoding="utf-8"?>
<StructureDefinition xmlns="http://hl7.org/fhir">
  <url value="http://fhir.de/StructureDefinition/Profile-practitioner-meldendePerson" />
  <name value="Practitioner_MeldendePerson" />
  <title value="Meldender Arzt / meldende Ärztin" />
  <status value="draft" />
  <fhirVersion value="4.0.0" />
  <mapping>
    <identity value="v2" />
    <uri value="http://hl7.org/v2" />
    <name value="HL7 v2 Mapping" />
  </mapping>
  <mapping>
    <identity value="rim" />
    <uri value="http://hl7.org/v3" />
    <name value="RIM Mapping" />
  </mapping>
  <mapping>
    <identity value="servd" />
    <uri value="http://www.omg.org/spec/ServD/1.0/" />
    <name value="ServD" />
  </mapping>
  <mapping>
    <identity value="w5" />
    <uri value="http://hl7.org/fhir/fivews" />
    <name value="FiveWs Pattern Mapping" />
  </mapping>
  <kind value="resource" />
  <abstract value="false" />
  <type value="Practitioner" />
  <baseDefinition value="http://hl7.org/fhir/StructureDefinition/Practitioner" />
  <derivation value="constraint" />
  <differential>
    <element id="Practitioner.identifier">
      <extension url="http://hl7.org/fhir/StructureDefinition/structuredefinition-standards-status">
        <valueCode value="normative" />
      </extension>
      <extension url="http://hl7.org/fhir/StructureDefinition/structuredefinition-normative-version">
        <valueCode value="4.0.0" />
      </extension>
      <path value="Practitioner.identifier" />
      <slicing>
        <discriminator>
          <type value="value" />
          <path value="type.coding.system" />
        </discriminator>
        <rules value="open" />
      </slicing>
      <min value="1" />
    </element>
    <element id="Practitioner.identifier:lanr">
      <extension url="http://hl7.org/fhir/StructureDefinition/structuredefinition-standards-status">
        <valueCode value="normative" />
      </extension>
      <extension url="http://hl7.org/fhir/StructureDefinition/structuredefinition-normative-version">
        <valueCode value="4.0.0" />
      </extension>
      <path value="Practitioner.identifier" />
      <sliceName value="lanr" />
      <min value="1" />
      <max value="1" />
      <type>
        <code value="Identifier" />
        <profile value="http://fhir.de/StructureDefinition/identifier-lanr" />
      </type>
    </element>
    <element id="Practitioner.name">
      <extension url="http://hl7.org/fhir/StructureDefinition/structuredefinition-standards-status">
        <valueCode value="normative" />
      </extension>
      <extension url="http://hl7.org/fhir/StructureDefinition/structuredefinition-normative-version">
        <valueCode value="4.0.0" />
      </extension>
      <path value="Practitioner.name" />
      <min value="1" />
      <type>
        <code value="HumanName" />
        <profile value="http://fhir.de/StructureDefinition/humanname-de-basis" />
      </type>
    </element>
    <element id="Practitioner.address">
      <extension url="http://hl7.org/fhir/StructureDefinition/structuredefinition-standards-status">
        <valueCode value="normative" />
      </extension>
      <extension url="http://hl7.org/fhir/StructureDefinition/structuredefinition-normative-version">
        <valueCode value="4.0.0" />
      </extension>
      <path value="Practitioner.address" />
      <type>
        <code value="Address" />
        <profile value="http://fhir.de/StructureDefinition/address-de-basis" />
      </type>
    </element>
  </differential>
</StructureDefinition>