<?xml version="1.0" encoding="utf-8"?>
<StructureDefinition xmlns="http://hl7.org/fhir">
  <url value="http://fhir.de/StructureDefinition/specimen-probeAbstrich" />
  <name value="Probe_Abstrich" />
  <status value="draft" />
  <fhirVersion value="4.0.0" />
  <mapping>
    <identity value="rim" />
    <uri value="http://hl7.org/v3" />
    <name value="RIM Mapping" />
  </mapping>
  <mapping>
    <identity value="w5" />
    <uri value="http://hl7.org/fhir/fivews" />
    <name value="FiveWs Pattern Mapping" />
  </mapping>
  <mapping>
    <identity value="v2" />
    <uri value="http://hl7.org/v2" />
    <name value="HL7 v2 Mapping" />
  </mapping>
  <kind value="resource" />
  <abstract value="false" />
  <type value="Specimen" />
  <baseDefinition value="http://hl7.org/fhir/StructureDefinition/Specimen" />
  <derivation value="constraint" />
  <differential>
    <element id="Specimen.type">
      <extension url="http://hl7.org/fhir/StructureDefinition/structuredefinition-standards-status">
        <valueCode value="normative" />
      </extension>
      <extension url="http://hl7.org/fhir/StructureDefinition/structuredefinition-normative-version">
        <valueCode value="4.0.0" />
      </extension>
      <path value="Specimen.type" />
      <min value="1" />
      <binding>
        <extension url="http://hl7.org/fhir/StructureDefinition/elementdefinition-bindingName">
          <valueString value="SpecimenType" />
        </extension>
        <strength value="extensible" />
        <valueSet value="http://fhir.de/ValueSet/specimen-types" />
      </binding>
    </element>
    <element id="Specimen.subject">
      <extension url="http://hl7.org/fhir/StructureDefinition/structuredefinition-standards-status">
        <valueCode value="normative" />
      </extension>
      <extension url="http://hl7.org/fhir/StructureDefinition/structuredefinition-normative-version">
        <valueCode value="4.0.0" />
      </extension>
      <path value="Specimen.subject" />
      <min value="1" />
      <type>
        <code value="Reference" />
        <targetProfile value="http://fhir.de/StructureDefinition/Profile-patient-infektionsmeldung" />
      </type>
    </element>
    <element id="Specimen.receivedTime">
      <extension url="http://hl7.org/fhir/StructureDefinition/structuredefinition-standards-status">
        <valueCode value="normative" />
      </extension>
      <extension url="http://hl7.org/fhir/StructureDefinition/structuredefinition-normative-version">
        <valueCode value="4.0.0" />
      </extension>
      <path value="Specimen.receivedTime" />
      <min value="1" />
    </element>
    <element id="Specimen.request">
      <extension url="http://hl7.org/fhir/StructureDefinition/structuredefinition-standards-status">
        <valueCode value="normative" />
      </extension>
      <extension url="http://hl7.org/fhir/StructureDefinition/structuredefinition-normative-version">
        <valueCode value="4.0.0" />
      </extension>
      <path value="Specimen.request" />
      <min value="1" />
      <max value="1" />
      <type>
        <code value="Reference" />
        <targetProfile value="http://fhir.de/StructureDefinition/servicerequest-laborauftrag" />
      </type>
    </element>
  </differential>
</StructureDefinition>